{"Bayern": [48.9475759128, 11.4199119426], "Sachsen-Anhalt": [52.0131773112, 11.7006803572], "Nordrhein-Westfalen": [51.4798348001, 7.56227977848], "Thüringen": [50.9038750318, 11.02487358], "Brandenburg": [52.4728841299, 13.3977677446], "Hamburg": [53.5476763891, 10.0156448935], "Sachsen": [51.0523325446, 13.3485561973], "Baden-Württemberg": [48.5454687389, 9.04641232904], "Bremen": [53.1996105228, 8.7434633604], "Hessen": [50.6032229234, 9.03105689213], "Saarland": [49.3843652646, 6.95313387213], "Berlin": [52.5015268456, 13.4018588959], "Mecklenburg-Vorpommern": [53.7531923503, 12.5346461657], "Niedersachsen": [52.7657181071, 9.16004893071], "Schleswig-Holstein": [54.1841329409, 9.81632612126], "Rheinland-Pfalz": [49.9136851839, 7.4491186497]}